起点ID,终点ID,所属线路,通行时间
1053,1336,换乘,5
1336,1053,换乘,5
0122,1435,换乘,5
1435,0122,换乘,5
0117,0401,换乘,5
0401,0117,换乘,5
0115,0311,换乘,5
0311,0115,换乘,5
0115,1532,换乘,5
1532,0115,换乘,5
0311,1532,换乘,5
1532,0311,换乘,5
0126,0323,换乘,5
0323,0126,换乘,5
0126,0410,换乘,5
0410,0126,换乘,5
0323,0410,换乘,5
0410,0323,换乘,5
1142,1543,换乘,5
1543,1142,换乘,5
0249,0417,换乘,5
0417,0249,换乘,5
0249,0632,换乘,5
0632,0249,换乘,5
0249,0942,换乘,5
0942,0249,换乘,5
0417,0632,换乘,5
0632,0417,换乘,5
0417,0942,换乘,5
0942,0417,换乘,5
0632,0942,换乘,5
0942,0632,换乘,5
0425,0742,换乘,5
0742,0425,换乘,5
0621,0826,换乘,5
0826,0621,换乘,5
0621,1154,换乘,5
1154,0621,换乘,5
0826,1154,换乘,5
1154,0826,换乘,5
0626,1342,换乘,5
1342,0626,换乘,5
0241,0318,换乘,5
0318,0241,换乘,5
0241,0405,换乘,5
0405,0241,换乘,5
0318,0405,换乘,5
0405,0318,换乘,5
0927,5132,换乘,5
5132,0927,换乘,5
0322,0409,换乘,5
0409,0322,换乘,5
0637,1445,换乘,5
1445,0637,换乘,5
1050,1148,换乘,5
1148,1050,换乘,5
0123,0245,换乘,5
0245,0123,换乘,5
0123,0835,换乘,5
0835,0123,换乘,5
0245,0835,换乘,5
0835,0245,换乘,5
1348,1622,换乘,5
1622,1348,换乘,5
0246,1056,换乘,5
1056,0246,换乘,5
0244,1234,换乘,5
1234,0244,换乘,5
0244,1334,换乘,5
1334,0244,换乘,5
1234,1334,换乘,5
1334,1234,换乘,5
0936,1232,换乘,5
1232,0936,换乘,5
0841,1061,换乘,5
1061,0841,换乘,5
0234,1722,换乘,5
1722,0234,换乘,5
1063,1842,换乘,5
1842,1063,换乘,5
0834,1436,换乘,5
1436,0834,换乘,5
0424,1231,换乘,5
1231,0424,换乘,5
1326,1540,换乘,5
1540,1326,换乘,5
0414,1240,换乘,5
1240,0414,换乘,5
1057,1237,换乘,5
1237,1057,换乘,5
0240,1538,换乘,5
1538,0240,换乘,5
0315,0402,换乘,5
0402,0315,换乘,5
0315,0933,换乘,5
0933,0315,换乘,5
0402,0933,换乘,5
0933,0402,换乘,5
0324,0411,换乘,5
0411,0324,换乘,5
0641,1247,换乘,5
1247,0641,换乘,5
0120,0740,换乘,5
0740,0120,换乘,5
0317,0404,换乘,5
0404,0317,换乘,5
0118,0934,换乘,5
0934,0118,换乘,5
0118,1149,换乘,5
1149,0118,换乘,5
0934,1149,换乘,5
1149,0934,换乘,5
1159,1828,换乘,5
1828,1159,换乘,5
0828,1341,换乘,5
1341,0828,换乘,5
1442,1836,换乘,5
1836,1442,换乘,5
1528,5133,换乘,5
5133,1528,换乘,5
0836,1236,换乘,5
1236,0836,换乘,5
0320,0407,换乘,5
0407,0320,换乘,5
0320,1145,换乘,5
1145,0320,换乘,5
0320,1431,换乘,5
1431,0320,换乘,5
0407,1145,换乘,5
1145,0407,换乘,5
0407,1431,换乘,5
1431,0407,换乘,5
1145,1431,换乘,5
1431,1145,换乘,5
0943,1834,换乘,5
1834,0943,换乘,5
1226,1533,换乘,5
1533,1226,换乘,5
0932,1534,换乘,5
1534,0932,换乘,5
1329,1432,换乘,5
1432,1329,换乘,5
0634,1835,换乘,5
1835,0634,换乘,5
0125,1235,换乘,5
1235,0125,换乘,5
0125,1332,换乘,5
1332,0125,换乘,5
1235,1332,换乘,5
1332,1235,换乘,5
1241,1839,换乘,5
1839,1241,换乘,5
0843,1840,换乘,5
1840,0843,换乘,5
0242,1147,换乘,5
1147,0242,换乘,5
0820,4101,换乘,5
4101,0820,换乘,5
0263,5137,换乘,5
5137,0263,换乘,5
0248,1439,换乘,5
1439,0248,换乘,5
0416,1440,换乘,5
1440,0416,换乘,5
0412,1059,换乘,5
1059,0412,换乘,5
0648,1073,换乘,5
1073,0648,换乘,5
0116,1227,换乘,5
1227,0116,换乘,5
1143,1429,换乘,5
1429,1143,换乘,5
1160,1623,换乘,5
1623,1160,换乘,5
0746,0829,换乘,5
0829,0746,换乘,5
0833,1054,换乘,5
1054,0833,换乘,5
0741,0935,换乘,5
0935,0741,换乘,5
0111,0501,换乘,5
0501,0111,换乘,5
1347,1829,换乘,5
1829,1347,换乘,5
0945,1446,换乘,5
1446,0945,换乘,5
0419,0630,换乘,5
0630,0419,换乘,5
0326,0839,换乘,5
0839,0326,换乘,5
0236,1042,换乘,5
1042,0236,换乘,5
0236,5131,换乘,5
5131,0236,换乘,5
1042,5131,换乘,5
5131,1042,换乘,5
0235,1041,换乘,5
1041,0235,换乘,5
0235,1721,换乘,5
1721,0235,换乘,5
1041,1721,换乘,5
1721,1041,换乘,5
0316,0403,换乘,5
0403,0316,换乘,5
0316,1049,换乘,5
1049,0316,换乘,5
0403,1049,换乘,5
1049,0403,换乘,5
0422,0831,换乘,5
0831,0422,换乘,5
1055,1437,换乘,5
1437,1055,换乘,5
0319,0406,换乘,5
0406,0319,换乘,5
0319,1327,换乘,5
1327,0319,换乘,5
0406,1327,换乘,5
1327,0406,换乘,5
0949,1251,换乘,5
1251,0949,换乘,5
1428,1542,换乘,5
1542,1428,换乘,5
0321,0408,换乘,5
0408,0321,换乘,5
0321,0736,换乘,5
0736,0321,换乘,5
0408,0736,换乘,5
0736,0408,换乘,5
0737,1330,换乘,5
1330,0737,换乘,5
0331,1846,换乘,5
1846,0331,换乘,5
0745,1340,换乘,5
1340,0745,换乘,5
0247,1438,换乘,5
1438,0247,换乘,5
0832,0939,换乘,5
0939,0832,换乘,5
0121,1052,换乘,5
1052,0121,换乘,5
0121,1233,换乘,5
1233,0121,换乘,5
1052,1233,换乘,5
1233,1052,换乘,5
1146,1328,换乘,5
1328,1146,换乘,5
0243,0739,换乘,5
0739,0243,换乘,5
0243,1434,换乘,5
1434,0243,换乘,5
0739,1434,换乘,5
1434,0739,换乘,5
0725,1550,换乘,5
1550,0725,换乘,5
0938,1337,换乘,5
1337,0938,换乘,5
0627,0748,换乘,5
0748,0627,换乘,5
1151,1229,换乘,5
1229,1151,换乘,5
0743,1230,换乘,5
1230,0743,换乘,5
0313,1228,换乘,5
1228,0313,换乘,5
0252,0752,换乘,5
0752,0252,换乘,5
0252,1621,换乘,5
1621,0252,换乘,5
0252,1832,换乘,5
1832,0252,换乘,5
0752,1621,换乘,5
1621,0752,换乘,5
0752,1832,换乘,5
1832,0752,换乘,5
1621,1832,换乘,5
1832,1621,换乘,5
0111,0112,1号线,2
0112,0111,1号线,2
0112,0113,1号线,2
0113,0112,1号线,2
0113,0114,1号线,2
0114,0113,1号线,2
0114,0115,1号线,3
0115,0114,1号线,3
0115,0116,1号线,2
0116,0115,1号线,2
0116,0117,1号线,2
0117,0116,1号线,2
0117,0118,1号线,1
0118,0117,1号线,1
0118,0119,1号线,2
0119,0118,1号线,2
0119,0120,1号线,1
0120,0119,1号线,1
0120,0121,1号线,1
0121,0120,1号线,1
0121,0122,1号线,2
0122,0121,1号线,2
0122,0123,1号线,2
0123,0122,1号线,2
0123,0124,1号线,1
0124,0123,1号线,1
0124,0125,1号线,1
0125,0124,1号线,1
0125,0126,1号线,2
0126,0125,1号线,2
0126,0127,1号线,2
0127,0126,1号线,2
0127,0128,1号线,2
0128,0127,1号线,2
0128,0129,1号线,1
0129,0128,1号线,1
0129,0130,1号线,2
0130,0129,1号线,2
0130,0131,1号线,2
0131,0130,1号线,2
0131,0132,1号线,2
0132,0131,1号线,2
0132,0133,1号线,2
0133,0132,1号线,2
0133,0134,1号线,2
0134,0133,1号线,2
0134,0135,1号线,2
0135,0134,1号线,2
0135,0136,1号线,2
0136,0135,1号线,2
0136,0137,1号线,2
0137,0136,1号线,2
0137,0138,1号线,2
0138,0137,1号线,2
0234,0235,2号线,2
0235,0234,2号线,2
0235,0236,2号线,1
0236,0235,2号线,1
0236,0237,2号线,6
0237,0236,2号线,6
0237,0238,2号线,2
0238,0237,2号线,2
0238,0239,2号线,2
0239,0238,2号线,2
0239,0240,2号线,2
0240,0239,2号线,2
0240,0241,2号线,2
0241,0240,2号线,2
0241,0242,2号线,2
0242,0241,2号线,2
0242,0243,2号线,2
0243,0242,2号线,2
0243,0244,2号线,2
0244,0243,2号线,2
0244,0245,2号线,2
0245,0244,2号线,2
0245,0246,2号线,2
0246,0245,2号线,2
0246,0247,2号线,2
0247,0246,2号线,2
0247,0248,2号线,2
0248,0247,2号线,2
0248,0249,2号线,2
0249,0248,2号线,2
0249,0250,2号线,2
0250,0249,2号线,2
0250,0251,2号线,2
0251,0250,2号线,2
0251,0252,2号线,2
0252,0251,2号线,2
0252,0253,2号线,3
0253,0252,2号线,3
0253,0254,2号线,2
0254,0253,2号线,2
0254,0255,2号线,2
0255,0254,2号线,2
0255,0256,2号线,3
0256,0255,2号线,3
0256,0257,2号线,2
0257,0256,2号线,2
0257,0258,2号线,3
0258,0257,2号线,3
0258,0259,2号线,3
0259,0258,2号线,3
0259,0260,2号线,3
0260,0259,2号线,3
0260,0261,2号线,4
0261,0260,2号线,4
0261,0262,2号线,6
0262,0261,2号线,6
0262,0263,2号线,3
0263,0262,2号线,3
0311,0312,3号线,2
0312,0311,3号线,2
0312,0313,3号线,2
0313,0312,3号线,2
0313,0314,3号线,1
0314,0313,3号线,1
0314,0315,3号线,2
0315,0314,3号线,2
0315,0316,3号线,2
0316,0315,3号线,2
0316,0317,3号线,2
0317,0316,3号线,2
0317,0318,3号线,1
0318,0317,3号线,1
0318,0319,3号线,2
0319,0318,3号线,2
0319,0320,3号线,1
0320,0319,3号线,1
0320,0321,3号线,2
0321,0320,3号线,2
0321,0322,3号线,2
0322,0321,3号线,2
0322,0323,3号线,2
0323,0322,3号线,2
0323,0324,3号线,3
0324,0323,3号线,3
0324,0325,3号线,2
0325,0324,3号线,2
0325,0326,3号线,2
0326,0325,3号线,2
0326,0327,3号线,2
0327,0326,3号线,2
0327,0328,3号线,1
0328,0327,3号线,1
0328,0329,3号线,2
0329,0328,3号线,2
0329,0330,3号线,2
0330,0329,3号线,2
0330,0331,3号线,2
0331,0330,3号线,2
0331,0332,3号线,2
0332,0331,3号线,2
0332,0333,3号线,2
0333,0332,3号线,2
0333,0334,3号线,2
0334,0333,3号线,2
0334,0335,3号线,2
0335,0334,3号线,2
0335,0336,3号线,2
0336,0335,3号线,2
0336,0337,3号线,1
0337,0336,3号线,1
0337,0338,3号线,2
0338,0337,3号线,2
0338,0339,3号线,3
0339,0338,3号线,3
0401,0402,4号线,2
0402,0401,4号线,2
0402,0403,4号线,2
0403,0402,4号线,2
0403,0404,4号线,2
0404,0403,4号线,2
0404,0405,4号线,1
0405,0404,4号线,1
0405,0406,4号线,2
0406,0405,4号线,2
0406,0407,4号线,1
0407,0406,4号线,1
0407,0408,4号线,2
0408,0407,4号线,2
0408,0409,4号线,2
0409,0408,4号线,2
0409,0410,4号线,2
0410,0409,4号线,2
0410,0411,4号线,3
0411,0410,4号线,3
0411,0412,4号线,2
0412,0411,4号线,2
0412,0413,4号线,1
0413,0412,4号线,1
0413,0414,4号线,2
0414,0413,4号线,2
0414,0415,4号线,1
0415,0414,4号线,1
0415,0416,4号线,2
0416,0415,4号线,2
0416,0417,4号线,2
0417,0416,4号线,2
0417,0418,4号线,1
0418,0417,4号线,1
0418,0419,4号线,2
0419,0418,4号线,2
0419,0420,4号线,2
0420,0419,4号线,2
0420,0421,4号线,2
0421,0420,4号线,2
0421,0422,4号线,2
0422,0421,4号线,2
0422,0423,4号线,2
0423,0422,4号线,2
0423,0424,4号线,2
0424,0423,4号线,2
0424,0425,4号线,1
0425,0424,4号线,1
0425,0426,4号线,2
0426,0425,4号线,2
0501,0502,5号线,2
0502,0501,5号线,2
0502,0503,5号线,2
0503,0502,5号线,2
0503,0505,5号线,3
0505,0503,5号线,3
0505,0507,5号线,3
0507,0505,5号线,3
0507,0508,5号线,3
0508,0507,5号线,3
0508,0509,5号线,2
0509,0508,5号线,2
0509,0510,5号线,2
0510,0509,5号线,2
0510,0511,5号线,2
0511,0510,5号线,2
0511,0512,5号线,2
0512,0511,5号线,2
0512,0513,5号线,2
0513,0512,5号线,2
0513,0531,5号线,13
0531,0513,5号线,13
0531,0532,5号线,5
0532,0531,5号线,5
0532,0533,5号线,3
0533,0532,5号线,3
0533,0534,5号线,3
0534,0533,5号线,3
0534,0535,5号线,3
0535,0534,5号线,3
0535,0536,5号线,2
0536,0535,5号线,2
0536,0537,5号线,2
0537,0536,5号线,2
0537,0538,5号线,2
0538,0537,5号线,2
0621,0622,6号线,2
0622,0621,6号线,2
0622,0623,6号线,2
0623,0622,6号线,2
0623,0624,6号线,1
0624,0623,6号线,1
0624,0625,6号线,2
0625,0624,6号线,2
0625,0626,6号线,2
0626,0625,6号线,2
0626,0627,6号线,2
0627,0626,6号线,2
0627,0628,6号线,2
0628,0627,6号线,2
0628,0629,6号线,2
0629,0628,6号线,2
0629,0630,6号线,1
0630,0629,6号线,1
0630,0631,6号线,1
0631,0630,6号线,1
0631,0632,6号线,2
0632,0631,6号线,2
0632,0633,6号线,1
0633,0632,6号线,1
0633,0634,6号线,1
0634,0633,6号线,1
0634,0635,6号线,2
0635,0634,6号线,2
0635,0636,6号线,2
0636,0635,6号线,2
0636,0637,6号线,1
0637,0636,6号线,1
0637,0638,6号线,2
0638,0637,6号线,2
0638,0639,6号线,1
0639,0638,6号线,1
0639,0640,6号线,2
0640,0639,6号线,2
0640,0641,6号线,1
0641,0640,6号线,1
0641,0642,6号线,2
0642,0641,6号线,2
0642,0643,6号线,2
0643,0642,6号线,2
0643,0644,6号线,2
0644,0643,6号线,2
0644,0645,6号线,3
0645,0644,6号线,3
0645,0646,6号线,2
0646,0645,6号线,2
0646,0647,6号线,2
0647,0646,6号线,2
0647,0648,6号线,2
0648,0647,6号线,2
0721,0722,7号线,2
0722,0721,7号线,2
0722,0723,7号线,3
0723,0722,7号线,3
0723,0724,7号线,2
0724,0723,7号线,2
0724,0725,7号线,2
0725,0724,7号线,2
0725,0726,7号线,3
0726,0725,7号线,3
0726,0727,7号线,2
0727,0726,7号线,2
0727,0728,7号线,1
0728,0727,7号线,1
0728,0729,7号线,2
0729,0728,7号线,2
0729,0730,7号线,2
0730,0729,7号线,2
0730,0731,7号线,2
0731,0730,7号线,2
0731,0732,7号线,1
0732,0731,7号线,1
0732,0733,7号线,2
0733,0732,7号线,2
0733,0734,7号线,2
0734,0733,7号线,2
0734,0735,7号线,1
0735,0734,7号线,1
0735,0736,7号线,3
0736,0735,7号线,3
0736,0737,7号线,1
0737,0736,7号线,1
0737,0738,7号线,2
0738,0737,7号线,2
0738,0739,7号线,2
0739,0738,7号线,2
0739,0740,7号线,2
0740,0739,7号线,2
0740,0741,7号线,2
0741,0740,7号线,2
0741,0742,7号线,1
0742,0741,7号线,1
0742,0743,7号线,1
0743,0742,7号线,1
0743,0744,7号线,3
0744,0743,7号线,3
0744,0745,7号线,2
0745,0744,7号线,2
0745,0746,7号线,1
0746,0745,7号线,1
0746,0747,7号线,1
0747,0746,7号线,1
0747,0748,7号线,2
0748,0747,7号线,2
0748,0749,7号线,2
0749,0748,7号线,2
0749,0750,7号线,2
0750,0749,7号线,2
0750,0751,7号线,2
0751,0750,7号线,2
0751,0752,7号线,2
0752,0751,7号线,2
0752,0753,7号线,2
0753,0752,7号线,2
0820,0821,8号线,2
0821,0820,8号线,2
0821,0822,8号线,2
0822,0821,8号线,2
0822,0823,8号线,2
0823,0822,8号线,2
0823,0824,8号线,3
0824,0823,8号线,3
0824,0825,8号线,3
0825,0824,8号线,3
0825,0826,8号线,3
0826,0825,8号线,3
0826,0827,8号线,2
0827,0826,8号线,2
0827,0828,8号线,2
0828,0827,8号线,2
0828,0829,8号线,1
0829,0828,8号线,1
0829,0830,8号线,1
0830,0829,8号线,1
0830,0831,8号线,2
0831,0830,8号线,2
0831,0832,8号线,2
0832,0831,8号线,2
0832,0833,8号线,1
0833,0832,8号线,1
0833,0834,8号线,2
0834,0833,8号线,2
0834,0835,8号线,1
0835,0834,8号线,1
0835,0836,8号线,2
0836,0835,8号线,2
0836,0837,8号线,2
0837,0836,8号线,2
0837,0838,8号线,2
0838,0837,8号线,2
0838,0839,8号线,2
0839,0838,8号线,2
0839,0840,8号线,2
0840,0839,8号线,2
0840,0841,8号线,2
0841,0840,8号线,2
0841,0842,8号线,1
0842,0841,8号线,1
0842,0843,8号线,1
0843,0842,8号线,1
0843,0844,8号线,2
0844,0843,8号线,2
0844,0845,8号线,2
0845,0844,8号线,2
0845,0846,8号线,2
0846,0845,8号线,2
0846,0847,8号线,2
0847,0846,8号线,2
0847,0848,8号线,2
0848,0847,8号线,2
0848,0849,8号线,1
0849,0848,8号线,1
0918,0919,9号线,2
0919,0918,9号线,2
0919,0920,9号线,2
0920,0919,9号线,2
0920,0921,9号线,2
0921,0920,9号线,2
0921,0922,9号线,3
0922,0921,9号线,3
0922,0923,9号线,3
0923,0922,9号线,3
0923,0924,9号线,2
0924,0923,9号线,2
0924,0925,9号线,4
0925,0924,9号线,4
0925,0926,9号线,6
0926,0925,9号线,6
0926,0927,9号线,3
0927,0926,9号线,3
0927,0928,9号线,2
0928,0927,9号线,2
0928,0929,9号线,2
0929,0928,9号线,2
0929,0930,9号线,2
0930,0929,9号线,2
0930,0931,9号线,2
0931,0930,9号线,2
0931,0932,9号线,2
0932,0931,9号线,2
0932,0933,9号线,2
0933,0932,9号线,2
0933,0934,9号线,2
0934,0933,9号线,2
0934,0935,9号线,2
0935,0934,9号线,2
0935,0936,9号线,1
0936,0935,9号线,1
0936,0937,9号线,1
0937,0936,9号线,1
0937,0938,9号线,2
0938,0937,9号线,2
0938,0939,9号线,1
0939,0938,9号线,1
0939,0940,9号线,2
0940,0939,9号线,2
0940,0941,9号线,3
0941,0940,9号线,3
0941,0942,9号线,2
0942,0941,9号线,2
0942,0943,9号线,3
0943,0942,9号线,3
0943,0944,9号线,1
0944,0943,9号线,1
0944,0945,9号线,2
0945,0944,9号线,2
0945,0946,9号线,3
0946,0945,9号线,3
0946,0947,9号线,2
0947,0946,9号线,2
0947,0948,9号线,2
0948,0947,9号线,2
0948,0949,9号线,1
0949,0948,9号线,1
0949,0950,9号线,2
0950,0949,9号线,2
0950,0951,9号线,1
0951,0950,9号线,1
0951,0952,9号线,2
0952,0951,9号线,2
1018,1019,10号线,2
1019,1018,10号线,2
1019,1020,10号线,2
1020,1019,10号线,2
1020,1041,10号线,13
1041,1020,10号线,13
1041,1042,10号线,1
1042,1041,10号线,1
1042,1043,10号线,2
1043,1042,10号线,2
1043,1044,10号线,2
1044,1043,10号线,2
1044,1045,10号线,2
1045,1044,10号线,2
1045,1046,10号线,2
1046,1045,10号线,2
1046,1047,10号线,2
1047,1046,10号线,2
1047,1048,10号线,1
1048,1047,10号线,1
1048,1049,10号线,2
1049,1048,10号线,2
1049,1050,10号线,2
1050,1049,10号线,2
1050,1051,10号线,2
1051,1050,10号线,2
1051,1052,10号线,2
1052,1051,10号线,2
1052,1053,10号线,2
1053,1052,10号线,2
1053,1054,10号线,1
1054,1053,10号线,1
1054,1055,10号线,2
1055,1054,10号线,2
1055,1056,10号线,2
1056,1055,10号线,2
1056,1057,10号线,1
1057,1056,10号线,1
1057,1058,10号线,2
1058,1057,10号线,2
1058,1059,10号线,1
1059,1058,10号线,1
1059,1060,10号线,2
1060,1059,10号线,2
1060,1061,10号线,2
1061,1060,10号线,2
1061,1062,10号线,2
1062,1061,10号线,2
1062,1063,10号线,1
1063,1062,10号线,1
1063,1064,10号线,2
1064,1063,10号线,2
1064,1065,10号线,1
1065,1064,10号线,1
1065,1066,10号线,2
1066,1065,10号线,2
1066,1067,10号线,2
1067,1066,10号线,2
1067,1068,10号线,2
1068,1067,10号线,2
1068,1069,10号线,2
1069,1068,10号线,2
1069,1070,10号线,4
1070,1069,10号线,4
1070,1071,10号线,2
1071,1070,10号线,2
1071,1072,10号线,2
1072,1071,10号线,2
1072,1073,10号线,2
1073,1072,10号线,2
1073,1074,10号线,2
1074,1073,10号线,2
1114,1115,11号线,2
1115,1114,11号线,2
1115,1116,11号线,3
1116,1115,11号线,3
1116,1117,11号线,2
1117,1116,11号线,2
1117,1118,11号线,2
1118,1117,11号线,2
1118,1119,11号线,2
1119,1118,11号线,2
1119,1120,11号线,5
1120,1119,11号线,5
1120,1131,11号线,13
1131,1120,11号线,13
1131,1132,11号线,2
1132,1131,11号线,2
1132,1133,11号线,3
1133,1132,11号线,3
1133,1134,11号线,2
1134,1133,11号线,2
1134,1135,11号线,3
1135,1134,11号线,3
1135,1136,11号线,4
1136,1135,11号线,4
1136,1137,11号线,2
1137,1136,11号线,2
1137,1138,11号线,3
1138,1137,11号线,3
1138,1139,11号线,2
1139,1138,11号线,2
1139,1140,11号线,2
1140,1139,11号线,2
1140,1141,11号线,2
1141,1140,11号线,2
1141,1142,11号线,2
1142,1141,11号线,2
1142,1143,11号线,2
1143,1142,11号线,2
1143,1144,11号线,1
1144,1143,11号线,1
1144,1145,11号线,1
1145,1144,11号线,1
1145,1146,11号线,1
1146,1145,11号线,1
1146,1147,11号线,2
1147,1146,11号线,2
1147,1148,11号线,2
1148,1147,11号线,2
1148,1149,11号线,2
1149,1148,11号线,2
1149,1150,11号线,2
1150,1149,11号线,2
1150,1151,11号线,2
1151,1150,11号线,2
1151,1152,11号线,1
1152,1151,11号线,1
1152,1153,11号线,1
1153,1152,11号线,1
1153,1154,11号线,2
1154,1153,11号线,2
1154,1155,11号线,4
1155,1154,11号线,4
1155,1156,11号线,1
1156,1155,11号线,1
1156,1157,11号线,2
1157,1156,11号线,2
1157,1158,11号线,1
1158,1157,11号线,1
1158,1159,11号线,2
1159,1158,11号线,2
1159,1160,11号线,3
1160,1159,11号线,3
1160,1161,11号线,2
1161,1160,11号线,2
1161,1162,11号线,2
1162,1161,11号线,2
1162,1163,11号线,4
1163,1162,11号线,4
1220,1221,12号线,2
1221,1220,12号线,2
1221,1222,12号线,2
1222,1221,12号线,2
1222,1223,12号线,2
1223,1222,12号线,2
1223,1224,12号线,1
1224,1223,12号线,1
1224,1225,12号线,2
1225,1224,12号线,2
1225,1226,12号线,1
1226,1225,12号线,1
1226,1227,12号线,2
1227,1226,12号线,2
1227,1228,12号线,1
1228,1227,12号线,1
1228,1229,12号线,2
1229,1228,12号线,2
1229,1230,12号线,2
1230,1229,12号线,2
1230,1231,12号线,2
1231,1230,12号线,2
1231,1232,12号线,1
1232,1231,12号线,1
1232,1233,12号线,2
1233,1232,12号线,2
1233,1234,12号线,2
1234,1233,12号线,2
1234,1235,12号线,2
1235,1234,12号线,2
1235,1236,12号线,2
1236,1235,12号线,2
1236,1237,12号线,1
1237,1236,12号线,1
1237,1238,12号线,2
1238,1237,12号线,2
1238,1239,12号线,1
1239,1238,12号线,1
1239,1240,12号线,1
1240,1239,12号线,1
1240,1241,12号线,2
1241,1240,12号线,2
1241,1242,12号线,1
1242,1241,12号线,1
1242,1243,12号线,2
1243,1242,12号线,2
1243,1244,12号线,1
1244,1243,12号线,1
1244,1245,12号线,1
1245,1244,12号线,1
1245,1246,12号线,2
1246,1245,12号线,2
1246,1247,12号线,2
1247,1246,12号线,2
1247,1248,12号线,2
1248,1247,12号线,2
1248,1249,12号线,2
1249,1248,12号线,2
1249,1250,12号线,1
1250,1249,12号线,1
1250,1251,12号线,4
1251,1250,12号线,4
1321,1322,13号线,2
1322,1321,13号线,2
1322,1323,13号线,3
1323,1322,13号线,3
1323,1324,13号线,2
1324,1323,13号线,2
1324,1325,13号线,2
1325,1324,13号线,2
1325,1326,13号线,2
1326,1325,13号线,2
1326,1327,13号线,2
1327,1326,13号线,2
1327,1328,13号线,2
1328,1327,13号线,2
1328,1329,13号线,1
1329,1328,13号线,1
1329,1330,13号线,2
1330,1329,13号线,2
1330,1331,13号线,1
1331,1330,13号线,1
1331,1332,13号线,2
1332,1331,13号线,2
1332,1333,13号线,1
1333,1332,13号线,1
1333,1334,13号线,2
1334,1333,13号线,2
1334,1335,13号线,2
1335,1334,13号线,2
1335,1336,13号线,2
1336,1335,13号线,2
1336,1337,13号线,1
1337,1336,13号线,1
1337,1338,13号线,2
1338,1337,13号线,2
1338,1339,13号线,2
1339,1338,13号线,2
1339,1340,13号线,1
1340,1339,13号线,1
1340,1341,13号线,1
1341,1340,13号线,1
1341,1342,13号线,2
1342,1341,13号线,2
1342,1343,13号线,2
1343,1342,13号线,2
1343,1344,13号线,2
1344,1343,13号线,2
1344,1345,13号线,1
1345,1344,13号线,1
1345,1346,13号线,1
1346,1345,13号线,1
1346,1347,13号线,2
1347,1346,13号线,2
1347,1348,13号线,2
1348,1347,13号线,2
1348,1349,13号线,2
1349,1348,13号线,2
1349,1350,13号线,2
1350,1349,13号线,2
1350,1351,13号线,2
1351,1350,13号线,2
1421,1422,14号线,2
1422,1421,14号线,2
1422,1423,14号线,2
1423,1422,14号线,2
1423,1424,14号线,2
1424,1423,14号线,2
1424,1425,14号线,2
1425,1424,14号线,2
1425,1426,14号线,1
1426,1425,14号线,1
1426,1427,14号线,2
1427,1426,14号线,2
1427,1428,14号线,2
1428,1427,14号线,2
1428,1429,14号线,1
1429,1428,14号线,1
1429,1430,14号线,2
1430,1429,14号线,2
1430,1431,14号线,1
1431,1430,14号线,1
1431,1432,14号线,2
1432,1431,14号线,2
1432,1433,14号线,1
1433,1432,14号线,1
1433,1434,14号线,2
1434,1433,14号线,2
1434,1435,14号线,3
1435,1434,14号线,3
1435,1436,14号线,1
1436,1435,14号线,1
1436,1437,14号线,2
1437,1436,14号线,2
1437,1438,14号线,2
1438,1437,14号线,2
1438,1439,14号线,2
1439,1438,14号线,2
1439,1440,14号线,1
1440,1439,14号线,1
1440,1441,14号线,2
1441,1440,14号线,2
1441,1442,14号线,1
1442,1441,14号线,1
1442,1443,14号线,2
1443,1442,14号线,2
1443,1445,14号线,3
1445,1443,14号线,3
1445,1446,14号线,2
1446,1445,14号线,2
1446,1447,14号线,2
1447,1446,14号线,2
1447,1448,14号线,1
1448,1447,14号线,1
1448,1449,14号线,2
1449,1448,14号线,2
1449,1450,14号线,2
1450,1449,14号线,2
1450,1451,14号线,2
1451,1450,14号线,2
1521,1522,15号线,2
1522,1521,15号线,2
1522,1523,15号线,3
1523,1522,15号线,3
1523,1524,15号线,3
1524,1523,15号线,3
1524,1525,15号线,1
1525,1524,15号线,1
1525,1526,15号线,2
1526,1525,15号线,2
1526,1527,15号线,2
1527,1526,15号线,2
1527,1528,15号线,2
1528,1527,15号线,2
1528,1529,15号线,2
1529,1528,15号线,2
1529,1530,15号线,1
1530,1529,15号线,1
1530,1531,15号线,2
1531,1530,15号线,2
1531,1532,15号线,2
1532,1531,15号线,2
1532,1533,15号线,2
1533,1532,15号线,2
1533,1534,15号线,1
1534,1533,15号线,1
1534,1535,15号线,1
1535,1534,15号线,1
1535,1536,15号线,2
1536,1535,15号线,2
1536,1537,15号线,2
1537,1536,15号线,2
1537,1538,15号线,2
1538,1537,15号线,2
1538,1539,15号线,2
1539,1538,15号线,2
1539,1540,15号线,1
1540,1539,15号线,1
1540,1541,15号线,2
1541,1540,15号线,2
1541,1542,15号线,1
1542,1541,15号线,1
1542,1543,15号线,2
1543,1542,15号线,2
1543,1544,15号线,2
1544,1543,15号线,2
1544,1545,15号线,1
1545,1544,15号线,1
1545,1546,15号线,2
1546,1545,15号线,2
1546,1547,15号线,2
1547,1546,15号线,2
1547,1548,15号线,1
1548,1547,15号线,1
1548,1549,15号线,2
1549,1548,15号线,2
1549,1550,15号线,3
1550,1549,15号线,3
1621,1622,16号线,4
1622,1621,16号线,4
1622,1623,16号线,3
1623,1622,16号线,3
1623,1624,16号线,4
1624,1623,16号线,4
1624,1625,16号线,3
1625,1624,16号线,3
1625,1626,16号线,3
1626,1625,16号线,3
1626,1627,16号线,3
1627,1626,16号线,3
1627,1628,16号线,4
1628,1627,16号线,4
1628,1629,16号线,5
1629,1628,16号线,5
1629,1630,16号线,5
1630,1629,16号线,5
1630,1631,16号线,7
1631,1630,16号线,7
1631,1632,16号线,5
1632,1631,16号线,5
1632,1633,16号线,3
1633,1632,16号线,3
1721,1722,17号线,5
1722,1721,17号线,5
1722,1723,17号线,3
1723,1722,17号线,3
1723,1724,17号线,5
1724,1723,17号线,5
1724,1725,17号线,3
1725,1724,17号线,3
1725,1726,17号线,3
1726,1725,17号线,3
1726,1727,17号线,2
1727,1726,17号线,2
1727,1728,17号线,4
1728,1727,17号线,4
1728,1729,17号线,3
1729,1728,17号线,3
1729,1730,17号线,3
1730,1729,17号线,3
1730,1731,17号线,2
1731,1730,17号线,2
1731,1732,17号线,2
1732,1731,17号线,2
1732,1733,17号线,2
1733,1732,17号线,2
1733,1734,17号线,3
1734,1733,17号线,3
1821,1822,18号线,2
1822,1821,18号线,2
1822,1823,18号线,2
1823,1822,18号线,2
1823,1824,18号线,2
1824,1823,18号线,2
1824,1825,18号线,2
1825,1824,18号线,2
1825,1826,18号线,2
1826,1825,18号线,2
1826,1827,18号线,2
1827,1826,18号线,2
1827,1828,18号线,3
1828,1827,18号线,3
1828,1829,18号线,2
1829,1828,18号线,2
1829,1830,18号线,2
1830,1829,18号线,2
1830,1831,18号线,1
1831,1830,18号线,1
1831,1832,18号线,2
1832,1831,18号线,2
1832,1833,18号线,2
1833,1832,18号线,2
1833,1834,18号线,1
1834,1833,18号线,1
1834,1835,18号线,1
1835,1834,18号线,1
1835,1836,18号线,2
1836,1835,18号线,2
1836,1837,18号线,2
1837,1836,18号线,2
1837,1838,18号线,1
1838,1837,18号线,1
1838,1839,18号线,1
1839,1838,18号线,1
1839,1840,18号线,1
1840,1839,18号线,1
1840,1841,18号线,1
1841,1840,18号线,1
1841,1842,18号线,1
1842,1841,18号线,1
1842,1843,18号线,2
1843,1842,18号线,2
1843,1844,18号线,2
1844,1843,18号线,2
1844,1845,18号线,2
1845,1844,18号线,2
1845,1846,18号线,2
1846,1845,18号线,2
4101,4102,41号线,2
4102,4101,41号线,2
4102,4103,41号线,2
4103,4102,41号线,2
4103,4104,41号线,1
4104,4103,41号线,1
4104,4105,41号线,1
4105,4104,41号线,1
4105,4106,41号线,2
4106,4105,41号线,2
5131,5132,51号线,4
5132,5131,51号线,4
5132,5133,51号线,31
5133,5132,51号线,31
5133,5134,51号线,4
5134,5133,51号线,4
5134,5135,51号线,11
5135,5134,51号线,11
5135,5136,51号线,5
5136,5135,51号线,5
5136,5137,51号线,12
5137,5136,51号线,12
